name,code,budget,actual_cost,lead_count,cost_per_lead,conversion_count,conversion_rate,total_revenue,roi,state
Chiến dịch Tiếng Anh Giao Tiếp,VUS-COMM-2026,15000000.0,0.0,0,0.0,0,0.0,0.0,0.0,draft
Chiến dịch Thu Khai Trường 2026,VUS-THU-2026,40000000.0,30000000.0,12,2500000.0,8,66.66666666666666,26800000.0,-10.666666666666668,running
Chiến dịch Tuyển sinh Hè 2026,VUS-HE-2026,50000000.0,45000000.0,15,3000000.0,11,73.33333333333333,54500000.0,21.11111111111111,running
Hội thảo Luyện thi IELTS 8.0,VUS-IELTS-2026,20000000.0,18000000.0,8,2250000.0,3,37.5,16500000.0,-8.333333333333332,completed
